{
  "College of Engineering":{
    "Information Systems":[
      "INFO",
      [
        "application engineering",
        "big data",
        "machine learning",
        "operating system",
        "user interface design",
        "database design",
        "cloud computing",
        "algorithm design",
        "compiler principle",
        "computer architecture",
        "data structure",
        "computer network",
        "micro computer",
        "data analysis"
      ]
    ],
    "Internet of Things":[
      "IOTS",
      [
        "digital circuit",
        "embedded systems",
        "simulator design",
        "tiny ml deploy",
        "interfacing with raspberry",
        "sensor design",
        "iot networking",
        "iot cloud",
        "iot programing",
        "iot markets",
        "robot automation",
        "iot architechure",
        "cybersecurity"
      ]
    ]
  },
  "College of Art":{
    "Experience Design":[
      "UEXD",
      [
        "foundations of design",
        "experience research",
        "ealy experience concepts",
        "wireframes building",
        "fidelity prototypes",
        "ux empathize",
        "ux define",
        "ux ideate",
        "fundations of usability",
        "graphic designer",
        "adobe toolchain",
        "intermediate css",
        "ui animations",
        "user testing"
      ]
    ]
  },
  "College of Law":{
    "Juris Doctor":[
      "JDJD",
      [
        "law of contract",
        "criminal law",
        "law of tort",
        "law system",
        "consititutional",
        "commercial law",
        "equity and trusts",
        "land law",
        "administrative law",
        "civil procedure",
        "criminal procedure",
        "credit and security law",
        "banking law",
        "privacy",
        "data protection",
        "social and cultural rights",
        "arbitration law",
        "family mediation",
        "international organisations",
        "trademark law"
      ]
    ]
  }
}