<?xml version="1.0" encoding="UTF-8"?>
<project-private xmlns="http://www.netbeans.org/ns/project-private/1">
    <editor-bookmarks xmlns="http://www.netbeans.org/ns/editor-bookmarks/2" lastBookmarkId="0"/>
    <open-files xmlns="http://www.netbeans.org/ns/projectui-open-files/2">
        <group>
            <file>file:/Users/victor/Assignment_3/src/ui/DepartmentRole/Analysis.java</file>
            <file>file:/Users/victor/Assignment_3/src/model/CourseCatalog/Course.java</file>
            <file>file:/Users/victor/Assignment_3/src/ui/DepartmentRole/AddCourseUniversity.java</file>
            <file>file:/Users/victor/Assignment_3/src/model/Faker/FakerUtils.java</file>
            <file>file:/Users/victor/Assignment_3/src/ui/main/MainJFrame.java</file>
            <file>file:/Users/victor/Assignment_3/src/ui/DepartmentRole/ManageStudent.java</file>
            <file>file:/Users/victor/Assignment_3/src/ui/StudentRole/AddCourseStudent.java</file>
            <file>file:/Users/victor/Assignment_3/src/model/Department/Department.java</file>
            <file>file:/Users/victor/Assignment_3/src/ui/EmployerRole/EmployerWorkAreaJPanel.java</file>
            <file>file:/Users/victor/Assignment_3/src/ui/DepartmentRole/UniversityWorkAreaJPanel.java</file>
            <file>file:/Users/victor/Assignment_3/src/model/CourseSchedule/CourseLoad.java</file>
            <file>file:/Users/victor/Assignment_3/src/model/Employer/EmployerDirectory.java</file>
            <file>file:/Users/victor/Assignment_3/src/ui/main/CollegeChooseDepartment.java</file>
            <file>file:/Users/victor/Assignment_3/src/ui/main/LoginScreen.java</file>
            <file>file:/Users/victor/Assignment_3/src/ui/main/UniversityChooseCollege.java</file>
            <file>file:/Users/victor/Assignment_3/src/model/Faker/FakerFactory.java</file>
            <file>file:/Users/victor/Assignment_3/src/ui/StudentRole/CourseRegistration.java</file>
            <file>file:/Users/victor/Assignment_3/src/ui/StudentRole/StudentWorkAreaJPanel.java</file>
            <file>file:/Users/victor/Assignment_3/src/ui/DepartmentRole/AddGrade.java</file>
            <file>file:/Users/victor/Assignment_3/src/model/Employer/EmployerProfile.java</file>
            <file>file:/Users/victor/Assignment_3/src/ui/StudentRole/PersonalInformation.java</file>
            <file>file:/Users/victor/Assignment_3/src/ui/main/AddCollege.java</file>
            <file>file:/Users/victor/Assignment_3/src/ui/main/AddDepartment.java</file>
            <file>file:/Users/victor/Assignment_3/src/ui/DepartmentRole/ManageCourse.java</file>
            <file>file:/Users/victor/Assignment_3/src/ui/EmployerRole/ManageEmployee.java</file>
            <file>file:/Users/victor/Assignment_3/src/model/CourseSchedule/CourseOffer.java</file>
            <file>file:/Users/victor/Assignment_3/src/ui/DepartmentRole/ManageGrade.java</file>
        </group>
    </open-files>
</project-private>
